aspect_num,top_words,word_impt
1,smart:routine:strength:c++:strong:knowledge:disciplined:flexible:aggressive:faith:tough:attitude:confident:supportive:manner:stronger:resilience:perseverance:effective:caring,16.651084635018:14.145027566414:13.13134158857:13.100906625214:13.0623127576564:12.4800345781523:12.3474624784914:12.332332658196:12.1793863980143:12.0423903143443:11.914138592736:11.7498034419064:11.6640691182507:11.6072707305687:11.6510685136143:11.6130698547746:11.60461159611354:11.5904278613927:11.464534735505:11.41945302706
2,smart2:routine:strength:c++:strong:knowledge:disciplined:flexible:aggressive:faith:tough:attitude:confident:supportive:manner:stronger:resilience:perseverance:effective:caring,16.651084635018:14.145027566414:13.13134158857:13.100906625214:13.0623127576564:12.4800345781523:12.3474624784914:12.332332658196:12.1793863980143:12.0423903143443:11.914138592736:11.7498034419064:11.6640691182507:11.6072707305687:11.6510685136143:11.6130698547746:11.60461159611354:11.5904278613927:11.464534735505:11.41945302706
3,smart3:routine:strength:c++:strong:knowledge:disciplined:flexible:aggressive:faith:tough:attitude:confident:supportive:manner:stronger:resilience:perseverance:effective:caring,16.651084635018:14.145027566414:13.13134158857:13.100906625214:13.0623127576564:12.4800345781523:12.3474624784914:12.332332658196:12.1793863980143:12.0423903143443:11.914138592736:11.7498034419064:11.6640691182507:11.6072707305687:11.6510685136143:11.6130698547746:11.60461159611354:11.5904278613927:11.464534735505:11.41945302706
4,smart4:routine:strength:c++:strong:knowledge:disciplined:flexible:aggressive:faith:tough:attitude:confident:supportive:manner:stronger:resilience:perseverance:effective:caring,16.651084635018:14.145027566414:13.13134158857:13.100906625214:13.0623127576564:12.4800345781523:12.3474624784914:12.332332658196:12.1793863980143:12.0423903143443:11.914138592736:11.7498034419064:11.6640691182507:11.6072707305687:11.6510685136143:11.6130698547746:11.60461159611354:11.5904278613927:11.464534735505:11.41945302706